local_date,expected_sessions,generated_sessions,missing_sessions,scenario_status,is_synthetic
2026-05-17,32,30,2,simulated_partial_loss,true
2026-05-18,32,30,2,simulated_partial_loss,true
2026-05-19,32,32,0,simulated_recording,true
2026-05-20,32,32,0,simulated_recording,true
2026-05-21,32,31,1,simulated_partial_loss,true
2026-05-22,32,30,2,simulated_partial_loss,true
2026-05-23,32,32,0,simulated_recording,true
2026-05-24,32,32,0,simulated_recording,true
2026-05-25,32,32,0,simulated_recording,true
2026-05-26,32,32,0,simulated_recording,true
2026-05-27,32,32,0,simulated_recording,true
2026-05-28,32,30,2,simulated_partial_loss,true
2026-05-29,32,32,0,simulated_recording,true
2026-05-30,32,31,1,simulated_partial_loss,true
2026-05-31,32,32,0,simulated_recording,true
2026-06-01,32,31,1,simulated_partial_loss,true
2026-06-02,32,32,0,simulated_recording,true
2026-06-03,32,30,2,simulated_partial_loss,true
2026-06-04,32,32,0,simulated_recording,true
2026-06-05,32,31,1,simulated_partial_loss,true
2026-06-06,32,32,0,simulated_recording,true
2026-06-07,32,32,0,simulated_recording,true
2026-06-08,32,31,1,simulated_partial_loss,true
2026-06-09,32,31,1,simulated_partial_loss,true
2026-06-10,32,32,0,simulated_recording,true
2026-06-11,32,32,0,simulated_recording,true
2026-06-12,32,30,2,simulated_partial_loss,true
2026-06-13,32,32,0,simulated_recording,true
2026-06-14,32,29,3,simulated_partial_loss,true
2026-06-15,32,31,1,simulated_partial_loss,true
2026-06-16,32,32,0,simulated_recording,true
2026-06-17,32,32,0,simulated_recording,true
2026-06-18,32,31,1,simulated_partial_loss,true
2026-06-19,32,30,2,simulated_partial_loss,true
2026-06-20,32,30,2,simulated_partial_loss,true
2026-06-21,32,32,0,simulated_recording,true
2026-06-22,32,31,1,simulated_partial_loss,true
2026-06-23,32,32,0,simulated_recording,true
2026-06-24,32,0,32,simulated_outage,true
2026-06-25,32,0,32,simulated_outage,true
2026-06-26,32,0,32,simulated_outage,true
2026-06-27,32,0,32,simulated_outage,true
2026-06-28,32,0,32,simulated_outage,true
2026-06-29,32,0,32,simulated_outage,true
2026-06-30,32,0,32,simulated_outage,true
2026-07-01,32,0,32,simulated_outage,true
2026-07-02,32,0,32,simulated_outage,true
2026-07-03,32,0,32,simulated_outage,true
2026-07-04,32,0,32,simulated_outage,true
2026-07-05,32,0,32,simulated_outage,true
2026-07-06,32,0,32,simulated_outage,true
2026-07-07,32,0,32,simulated_outage,true
2026-07-08,32,0,32,simulated_outage,true
2026-07-09,32,0,32,simulated_outage,true
2026-07-10,32,0,32,simulated_outage,true
2026-07-11,32,32,0,simulated_recording,true
2026-07-12,32,32,0,simulated_recording,true
2026-07-13,32,31,1,simulated_partial_loss,true
2026-07-14,32,32,0,simulated_recording,true
2026-07-15,32,32,0,simulated_recording,true
2026-07-16,32,31,1,simulated_partial_loss,true
2026-07-17,32,31,1,simulated_partial_loss,true
2026-07-18,32,32,0,simulated_recording,true
2026-07-19,32,32,0,simulated_recording,true
2026-07-20,32,31,1,simulated_partial_loss,true
2026-07-21,32,31,1,simulated_partial_loss,true
2026-07-22,32,32,0,simulated_recording,true
2026-07-23,32,31,1,simulated_partial_loss,true
2026-07-24,32,31,1,simulated_partial_loss,true
2026-07-25,32,32,0,simulated_recording,true
2026-07-26,32,31,1,simulated_partial_loss,true
2026-07-27,32,29,3,simulated_partial_loss,true
2026-07-28,32,32,0,simulated_recording,true
2026-07-29,32,32,0,simulated_recording,true
2026-07-30,32,32,0,simulated_recording,true
2026-07-31,32,30,2,simulated_partial_loss,true
2026-08-01,32,31,1,simulated_partial_loss,true
2026-08-02,32,31,1,simulated_partial_loss,true
2026-08-03,32,32,0,simulated_recording,true
2026-08-04,32,32,0,simulated_recording,true
2026-08-05,32,31,1,simulated_partial_loss,true
2026-08-06,32,32,0,simulated_recording,true
2026-08-07,32,32,0,simulated_recording,true
2026-08-08,32,31,1,simulated_partial_loss,true
2026-08-09,32,31,1,simulated_partial_loss,true
2026-08-10,32,32,0,simulated_recording,true
2026-08-11,32,32,0,simulated_recording,true
2026-08-12,32,30,2,simulated_partial_loss,true
2026-08-13,32,31,1,simulated_partial_loss,true
2026-08-14,32,32,0,simulated_recording,true
2026-08-15,32,31,1,simulated_partial_loss,true
2026-08-16,32,32,0,simulated_recording,true
2026-08-17,32,31,1,simulated_partial_loss,true
2026-08-18,32,32,0,simulated_recording,true
2026-08-19,32,32,0,simulated_recording,true
2026-08-20,32,31,1,simulated_partial_loss,true
2026-08-21,32,30,2,simulated_partial_loss,true
2026-08-22,32,32,0,simulated_recording,true
2026-08-23,32,31,1,simulated_partial_loss,true
2026-08-24,32,32,0,simulated_recording,true
2026-08-25,32,32,0,simulated_recording,true
2026-08-26,32,31,1,simulated_partial_loss,true
2026-08-27,32,30,2,simulated_partial_loss,true
2026-08-28,32,32,0,simulated_recording,true
2026-08-29,32,30,2,simulated_partial_loss,true
2026-08-30,32,32,0,simulated_recording,true
2026-08-31,32,31,1,simulated_partial_loss,true
2026-09-01,32,31,1,simulated_partial_loss,true
2026-09-02,32,32,0,simulated_recording,true
2026-09-03,32,32,0,simulated_recording,true
2026-09-04,32,31,1,simulated_partial_loss,true
2026-09-05,32,32,0,simulated_recording,true
2026-09-06,32,32,0,simulated_recording,true
2026-09-07,32,32,0,simulated_recording,true
2026-09-08,32,31,1,simulated_partial_loss,true
2026-09-09,32,31,1,simulated_partial_loss,true
2026-09-10,32,31,1,simulated_partial_loss,true
2026-09-11,32,32,0,simulated_recording,true
2026-09-12,32,27,5,simulated_partial_loss,true
2026-09-13,32,30,2,simulated_partial_loss,true
2026-09-14,32,31,1,simulated_partial_loss,true
2026-09-15,32,32,0,simulated_recording,true
2026-09-16,32,32,0,simulated_recording,true
2026-09-17,32,31,1,simulated_partial_loss,true
2026-09-18,32,31,1,simulated_partial_loss,true
2026-09-19,32,29,3,simulated_partial_loss,true
2026-09-20,32,31,1,simulated_partial_loss,true
2026-09-21,32,32,0,simulated_recording,true
