date_local,n_sessions,n_received,n_missing_rfid,n_positive_delta,n_zero_delta,n_negative_delta,n_with_weight_log,active_devices,coverage_status,outage_cause,is_imputed
2026-05-10,1,1,0,1,0,0,0,2,records_present,,false
2026-05-11,0,0,0,0,0,0,0,,no_session_records,unconfirmed,false
2026-05-12,0,0,0,0,0,0,0,,no_session_records,unconfirmed,false
2026-05-13,0,0,0,0,0,0,0,,no_session_records,unconfirmed,false
2026-05-14,0,0,0,0,0,0,0,,no_session_records,unconfirmed,false
2026-05-15,4,4,0,4,0,0,0,1;3,records_present,,false
2026-05-16,0,0,0,0,0,0,0,,no_session_records,unconfirmed,false
2026-05-17,36,41,29,9,18,9,0,1;2;3;4,records_present,,false
2026-05-18,40,39,40,16,13,11,0,1;2;3;4,records_present,,false
2026-05-19,75,74,75,13,46,16,0,1;2;3;4,records_present,,false
2026-05-20,31,31,31,5,19,7,0,1;2;3;4,records_present,,false
2026-05-21,53,54,53,4,44,5,0,1;2;4,records_present,,false
2026-05-22,107,106,107,5,93,9,0,1;2;3;4,records_present,,false
2026-05-23,138,138,138,8,120,10,0,1;2;3;4,records_present,,false
2026-05-24,69,70,69,3,62,4,0,1;2;4,records_present,,false
2026-05-25,70,69,63,1,65,4,0,1;2;4,records_present,,false
2026-05-26,70,70,61,7,49,14,0,1;2;4,records_present,,false
2026-05-27,61,65,55,5,55,1,0,1;2;3;4,records_present,,false
2026-05-28,72,72,64,2,68,2,0,1;2;3;4,records_present,,false
2026-05-29,224,224,213,11,201,12,0,0;1;2;3;4,records_present,,false
2026-05-30,71,72,55,20,48,3,0,1;2;3;4,records_present,,false
2026-05-31,96,95,71,15,70,11,0,1;2;3;4,records_present,,false
2026-06-01,75,77,59,14,54,7,0,1;2;4,records_present,,false
2026-06-02,80,81,62,14,53,13,0,1;2;4,records_present,,false
2026-06-03,91,89,83,13,56,22,0,1;2;3;4,records_present,,false
2026-06-04,89,89,70,13,71,5,0,1;2;4,records_present,,false
2026-06-05,96,96,83,10,75,11,0,1;2;4,records_present,,false
2026-06-06,216,216,171,29,162,25,0,1;2;4,records_present,,false
2026-06-07,125,127,90,11,93,21,0,1;2;4,records_present,,false
2026-06-08,102,101,72,10,79,13,0,1;2;4,records_present,,false
2026-06-09,136,136,105,21,108,7,0,1;2;4,records_present,,false
2026-06-10,147,147,120,12,111,24,0,1;2;4,records_present,,false
2026-06-11,212,211,183,25,162,25,0,1;2;4,records_present,,false
2026-06-12,181,181,126,18,156,7,0,1;2;4,records_present,,false
2026-06-13,162,162,146,13,128,21,0,1;2;4,records_present,,false
2026-06-14,101,102,75,15,71,15,0,1;2;4,records_present,,false
2026-06-15,76,75,54,5,64,7,0,1;2;4,records_present,,false
2026-06-16,75,77,59,4,63,8,0,1;2;4,records_present,,false
2026-06-17,130,130,100,11,108,11,0,1;2;4,records_present,,false
2026-06-18,143,143,98,9,119,15,0,1;2;4,records_present,,false
2026-06-19,105,105,68,5,96,4,0,1;2;4,records_present,,false
2026-06-20,88,90,40,22,52,14,0,1;2;3;4,records_present,,false
2026-06-21,48,48,15,40,3,5,0,1;2;3;4,records_present,,false
2026-06-22,48,48,17,2,38,8,0,1;2;3;4,records_present,,false
2026-06-23,34,34,14,2,30,2,0,1;2;3;4,records_present,,false
2026-06-24,0,0,0,0,0,0,0,,no_session_records,unconfirmed,false
2026-06-25,0,0,0,0,0,0,0,,no_session_records,unconfirmed,false
2026-06-26,0,0,0,0,0,0,0,,no_session_records,unconfirmed,false
2026-06-27,0,0,0,0,0,0,0,,no_session_records,unconfirmed,false
2026-06-28,0,0,0,0,0,0,0,,no_session_records,unconfirmed,false
2026-06-29,0,0,0,0,0,0,0,,no_session_records,unconfirmed,false
2026-06-30,0,0,0,0,0,0,0,,no_session_records,unconfirmed,false
2026-07-01,0,0,0,0,0,0,0,,no_session_records,unconfirmed,false
2026-07-02,0,0,0,0,0,0,0,,no_session_records,unconfirmed,false
2026-07-03,0,0,0,0,0,0,0,,no_session_records,unconfirmed,false
2026-07-04,0,0,0,0,0,0,0,,no_session_records,unconfirmed,false
2026-07-05,0,0,0,0,0,0,0,,no_session_records,unconfirmed,false
2026-07-06,0,0,0,0,0,0,0,,no_session_records,unconfirmed,false
2026-07-07,0,0,0,0,0,0,0,,no_session_records,unconfirmed,false
2026-07-08,0,0,0,0,0,0,0,,no_session_records,unconfirmed,false
2026-07-09,0,0,0,0,0,0,0,,no_session_records,unconfirmed,false
2026-07-10,0,0,0,0,0,0,0,,no_session_records,unconfirmed,false
2026-07-11,39,39,18,26,5,8,0,1;2;3;4,records_present,,false
2026-07-12,63,63,17,41,15,7,0,1;2;3;4,records_present,,false
2026-07-13,62,62,26,31,29,2,0,1;2;3;4,records_present,,false
2026-07-14,47,47,13,27,17,3,0,1;2;3;4,records_present,,false
2026-07-15,23,23,5,14,8,1,0,1;2;3;4,records_present,,false
2026-07-16,3,3,3,0,1,2,0,2,records_present,,false
2026-07-17,26,25,13,11,11,4,0,1;2;3;4,records_present,,false
2026-07-18,33,34,12,21,10,2,0,1;2;3;4,records_present,,false
2026-07-19,71,71,16,44,16,11,43,1;2;3;4,records_present,,false
2026-07-20,36,36,1,35,0,1,36,1;2;3;4,records_present,,false
2026-07-21,40,40,1,34,3,3,40,1;2;3;4,records_present,,false
2026-07-22,36,36,1,35,0,1,36,1;2;3;4,records_present,,false
2026-07-23,35,35,0,32,0,3,35,1;2;3;4,records_present,,false
2026-07-24,29,29,2,25,0,4,29,1;2;3;4,records_present,,false
2026-07-25,37,37,4,27,2,8,37,1;2;3;4,records_present,,false
2026-07-26,34,34,3,18,13,3,34,1;2;3;4,records_present,,false
2026-07-27,30,30,2,20,7,3,30,1;2;3;4,records_present,,false
2026-07-28,46,46,27,16,29,1,46,1;2;3;4,records_present,,false
2026-07-29,35,35,16,18,14,3,35,1;2;3;4,records_present,,false
2026-07-30,51,51,19,17,28,6,51,1;2;3;4,records_present,,false
2026-07-31,43,43,11,18,20,5,43,1;2;3;4,records_present,,false
2026-08-01,43,43,3,22,18,3,43,1;2;3;4,records_present,,false
2026-08-02,44,44,8,25,11,8,44,1;2;3;4,records_present,,false
2026-08-03,43,43,11,22,14,7,43,1;2;3;4,records_present,,false
2026-08-04,42,42,7,11,16,15,42,1;2;3;4,records_present,,false
2026-08-05,42,42,7,13,16,13,42,1;2;3;4,records_present,,false
2026-08-06,42,42,8,8,27,7,42,1;2;3;4,records_present,,false
2026-08-07,44,44,10,17,15,12,44,1;2;3;4,records_present,,false
2026-08-08,45,45,9,8,21,16,45,1;2;3;4,records_present,,false
2026-08-09,42,42,11,15,14,13,42,1;2;3;4,records_present,,false
2026-08-10,43,43,9,10,22,11,43,1;2;3;4,records_present,,false
2026-08-11,43,43,10,13,18,12,43,1;2;3;4,records_present,,false
2026-08-12,45,45,12,14,17,14,45,1;2;3;4,records_present,,false
2026-08-13,44,44,10,15,17,12,44,1;2;3;4,records_present,,false
2026-08-14,43,43,7,13,15,15,43,1;2;3;4,records_present,,false
2026-08-15,42,42,5,12,15,15,42,1;2;3;4,records_present,,false
2026-08-16,45,45,8,10,22,13,45,1;2;3;4,records_present,,false
2026-08-17,41,41,9,12,14,15,41,1;2;3;4,records_present,,false
2026-08-18,44,44,7,15,17,12,44,1;2;3;4,records_present,,false
2026-08-19,42,42,7,14,18,10,42,1;2;3;4,records_present,,false
2026-08-20,41,41,7,11,18,12,41,1;2;3;4,records_present,,false
2026-08-21,53,53,11,38,5,10,53,1;2;3;4,records_present,,false
2026-08-22,43,43,8,41,0,2,43,1;2;3;4,records_present,,false
2026-08-23,42,42,5,32,1,9,42,1;2;3;4,records_present,,false
2026-08-24,43,43,8,38,0,5,43,1;2;3;4,records_present,,false
2026-08-25,51,51,7,34,3,14,51,1;2;3;4,records_present,,false
2026-08-26,20,20,4,19,0,1,20,1;2;3;4,records_present,,false
2026-08-27,20,20,6,20,0,0,20,1;2;3;4,records_present,,false
2026-08-28,43,43,9,36,0,7,43,1;2;3;4,records_present,,false
2026-08-29,43,43,9,40,0,3,43,1;2;3;4,records_present,,false
2026-08-30,41,41,7,34,0,7,41,1;2;3;4,records_present,,false
2026-08-31,47,47,5,40,3,4,47,1;2;3;4,records_present,,false
2026-09-01,42,42,8,36,0,6,42,1;2;3;4,records_present,,false
2026-09-02,45,45,9,39,0,6,45,1;2;3;4,records_present,,false
2026-09-03,42,42,9,41,0,1,42,1;2;3;4,records_present,,false
2026-09-04,45,45,8,40,4,1,45,1;2;3;4,records_present,,false
2026-09-05,47,47,6,40,2,5,47,1;2;3;4,records_present,,false
2026-09-06,43,43,8,39,2,2,43,1;2;3;4,records_present,,false
2026-09-07,42,42,8,38,0,4,42,1;2;3;4,records_present,,false
2026-09-08,47,47,3,38,3,6,47,1;2;3;4,records_present,,false
2026-09-09,46,46,8,37,4,5,46,1;2;3;4,records_present,,false
2026-09-10,45,45,0,42,2,1,45,1;2;3;4,records_present,,false
2026-09-11,40,40,6,20,0,20,40,1;2;3;4,records_present,,false
2026-09-12,42,42,8,18,5,19,42,1;2;3;4,records_present,,false
2026-09-13,47,47,9,34,9,4,47,1;2;3;4,records_present,,false
2026-09-14,34,34,2,30,1,3,34,1;2;3;4,records_present,,false
2026-09-15,40,40,5,32,1,7,40,1;2;3;4,records_present,,false
2026-09-16,47,47,9,36,6,5,47,1;2;3;4,records_present,,false
2026-09-17,44,44,7,32,6,6,44,1;2;3;4,records_present,,false
2026-09-18,36,36,7,33,0,3,36,1;2;3;4,records_present,,false
2026-09-19,37,37,7,34,1,2,37,1;2;3;4,records_present,,false
2026-09-20,46,46,11,31,6,9,46,1;2;3;4,records_present,,false
2026-09-21,45,45,23,27,13,5,45,1;2;3;4,records_present,,false
