scope,start_date,end_date,days,status,cause,engineer_intervention,fill_policy
all_devices,2026-05-11,2026-05-14,4,absence_of_records,unconfirmed,unknown,leave_missing
all_devices,2026-05-16,2026-05-16,1,absence_of_records,unconfirmed,unknown,leave_missing
all_devices,2026-06-24,2026-07-10,17,absence_of_records,unconfirmed,unknown,leave_missing
esp_1,2026-05-16,2026-05-16,1,absence_of_records,unconfirmed,unknown,leave_missing
esp_1,2026-06-24,2026-07-10,17,absence_of_records,unconfirmed,unknown,leave_missing
esp_1,2026-07-16,2026-07-16,1,absence_of_records,unconfirmed,unknown,leave_missing
esp_2,2026-05-11,2026-05-16,6,absence_of_records,unconfirmed,unknown,leave_missing
esp_2,2026-06-24,2026-07-10,17,absence_of_records,unconfirmed,unknown,leave_missing
esp_3,2026-05-16,2026-05-16,1,absence_of_records,unconfirmed,unknown,leave_missing
esp_3,2026-05-21,2026-05-21,1,absence_of_records,unconfirmed,unknown,leave_missing
esp_3,2026-05-24,2026-05-26,3,absence_of_records,unconfirmed,unknown,leave_missing
esp_3,2026-06-01,2026-06-02,2,absence_of_records,unconfirmed,unknown,leave_missing
esp_3,2026-06-04,2026-06-19,16,absence_of_records,unconfirmed,unknown,leave_missing
esp_3,2026-06-24,2026-07-10,17,absence_of_records,unconfirmed,unknown,leave_missing
esp_3,2026-07-16,2026-07-16,1,absence_of_records,unconfirmed,unknown,leave_missing
esp_4,2026-06-24,2026-07-10,17,absence_of_records,unconfirmed,unknown,leave_missing
esp_4,2026-07-16,2026-07-16,1,absence_of_records,unconfirmed,unknown,leave_missing
